name	type	units	low_cutoff	high_cutoff	description	sampling_frequency	status	status_description
Fp1	EEG	µV	0.0	104.0	ElectroEncephaloGram	512.0	good	n/a
AF3	EEG	µV	0.0	104.0	ElectroEncephaloGram	512.0	good	n/a
F7	EEG	µV	0.0	104.0	ElectroEncephaloGram	512.0	good	n/a
F3	EEG	µV	0.0	104.0	ElectroEncephaloGram	512.0	good	n/a
FC1	EEG	µV	0.0	104.0	ElectroEncephaloGram	512.0	good	n/a
FC5	EEG	µV	0.0	104.0	ElectroEncephaloGram	512.0	good	n/a
T7	EEG	µV	0.0	104.0	ElectroEncephaloGram	512.0	good	n/a
C3	EEG	µV	0.0	104.0	ElectroEncephaloGram	512.0	good	n/a
CP1	EEG	µV	0.0	104.0	ElectroEncephaloGram	512.0	good	n/a
CP5	EEG	µV	0.0	104.0	ElectroEncephaloGram	512.0	good	n/a
P7	EEG	µV	0.0	104.0	ElectroEncephaloGram	512.0	good	n/a
P3	EEG	µV	0.0	104.0	ElectroEncephaloGram	512.0	good	n/a
Pz	EEG	µV	0.0	104.0	ElectroEncephaloGram	512.0	good	n/a
PO3	EEG	µV	0.0	104.0	ElectroEncephaloGram	512.0	good	n/a
O1	EEG	µV	0.0	104.0	ElectroEncephaloGram	512.0	good	n/a
Oz	EEG	µV	0.0	104.0	ElectroEncephaloGram	512.0	good	n/a
O2	EEG	µV	0.0	104.0	ElectroEncephaloGram	512.0	good	n/a
PO4	EEG	µV	0.0	104.0	ElectroEncephaloGram	512.0	good	n/a
P4	EEG	µV	0.0	104.0	ElectroEncephaloGram	512.0	good	n/a
P8	EEG	µV	0.0	104.0	ElectroEncephaloGram	512.0	good	n/a
CP6	EEG	µV	0.0	104.0	ElectroEncephaloGram	512.0	good	n/a
CP2	EEG	µV	0.0	104.0	ElectroEncephaloGram	512.0	good	n/a
C4	EEG	µV	0.0	104.0	ElectroEncephaloGram	512.0	good	n/a
T8	EEG	µV	0.0	104.0	ElectroEncephaloGram	512.0	good	n/a
FC6	EEG	µV	0.0	104.0	ElectroEncephaloGram	512.0	good	n/a
FC2	EEG	µV	0.0	104.0	ElectroEncephaloGram	512.0	good	n/a
F4	EEG	µV	0.0	104.0	ElectroEncephaloGram	512.0	good	n/a
F8	EEG	µV	0.0	104.0	ElectroEncephaloGram	512.0	good	n/a
AF4	EEG	µV	0.0	104.0	ElectroEncephaloGram	512.0	good	n/a
Fp2	EEG	µV	0.0	104.0	ElectroEncephaloGram	512.0	good	n/a
Fz	EEG	µV	0.0	104.0	ElectroEncephaloGram	512.0	good	n/a
Cz	EEG	µV	0.0	104.0	ElectroEncephaloGram	512.0	good	n/a
EXG1	EOG	µV	0.0	104.0	ElectroOculoGram	512.0	good	n/a
EXG2	EOG	µV	0.0	104.0	ElectroOculoGram	512.0	good	n/a
EXG3	EOG	µV	0.0	104.0	ElectroOculoGram	512.0	good	n/a
EXG4	EOG	µV	0.0	104.0	ElectroOculoGram	512.0	good	n/a
EXG5	EMG	µV	0.0	104.0	ElectroMyoGram	512.0	good	n/a
EXG6	EMG	µV	0.0	104.0	ElectroMyoGram	512.0	good	n/a
EXG7	EMG	µV	0.0	104.0	ElectroMyoGram	512.0	good	n/a
EXG8	EMG	µV	0.0	104.0	ElectroMyoGram	512.0	good	n/a
EDA	MISC	nS	0.0	104.0	Miscellaneous	512.0	good	n/a
GSR2	MISC	nS	0.0	104.0	Miscellaneous	512.0	good	n/a
Erg1	MISC	µV	0.0	104.0	Miscellaneous	512.0	good	n/a
Erg2	MISC	µV	0.0	104.0	Miscellaneous	512.0	good	n/a
Resp	MISC	µV	0.0	104.0	Miscellaneous	512.0	good	n/a
Plet	MISC	µV	0.0	104.0	Miscellaneous	512.0	good	n/a
Temp	MISC	n/a	0.0	104.0	Miscellaneous	512.0	good	n/a
Status	TRIG	n/a	0.0	104.0	Trigger	512.0	good	n/a